book,section_type,section_title,lesson_number,title,media_type,line_no,raw_name
外科学,core_course,核心-真题-串联【课程】,14,周围血管疾病,docx,3,14.外科 周围血管疾病 天天师兄26考研.mp4.docx
外科学,core_course,核心-真题-串联【课程】,01,颈部疾病1,mp4,4,01.外科 颈部疾病1  天天师兄26考研.mp4
外科学,core_course,核心-真题-串联【课程】,17,运动系统慢性损伤,mp4,5,17.外科 运动系统慢性损伤  天天师兄26考研.mp4
外科学,core_course,核心-真题-串联【课程】,10,腹外疝,mp4,6,10.外科 腹外疝  天天师兄26考研.mp4
外科学,core_course,核心-真题-串联【课程】,13,胆系疾病2,mp4,7,13.外科 胆系疾病2 天天师兄26考研.mp4
外科学,core_course,核心-真题-串联【课程】,22,躯干骨骨折&脊髓损伤,mp4,8,22.外科 躯干骨骨折&脊髓损伤  天天师兄26考研 .mp4
外科学,core_course,核心-真题-串联【课程】,18,手外伤、股骨头坏死、膝关节损伤、神经损伤,mp4,9,18.外科 手外伤、股骨头坏死、膝关节损伤、神经损伤  天天师兄.mp4
外科学,core_course,核心-真题-串联【课程】,07,腹腔感染 & 肠梗阻,mp4,10,07.外科 腹腔感染 & 肠梗阻  天天师兄26考研.mp4
外科学,core_course,核心-真题-串联【课程】,16,运动系统畸形,mp4,11,16.外科 运动系统畸形  天天师兄26考研.mp4
外科学,core_course,核心-真题-串联【课程】,08,阑尾炎,mp4,12,08.外科 阑尾炎  天天师兄26考研.mp4
外科学,core_course,核心-真题-串联【课程】,24,颈腰椎退行性病2,mp4,13,24.外科 颈腰椎退行性病2  天天师兄26考研.mp4
外科学,core_course,核心-真题-串联【课程】,04,其它颈胸部疾病,mp4,14,04.外科 其它颈胸部疾病  天天师兄26考研.mp4
外科学,core_course,核心-真题-串联【课程】,14,周围血管疾病,mp4,15,14.外科 周围血管疾病 天天师兄26考研.mp4
外科学,core_course,核心-真题-串联【课程】,28,体液失衡,mp4,16,28.外科 体液失衡  天天师兄26考研.mp4
外科学,core_course,核心-真题-串联【课程】,05,胃肿瘤,mp4,17,05.外科 胃肿瘤  天天师兄26考研.mp4
外科学,core_course,核心-真题-串联【课程】,34,休克 & 其它外科总论,mp4,18,34.外科 休克 & 其它外科总论  天天师兄26考研.mp4
外科学,core_course,核心-真题-串联【课程】,27,骨折概论 & 输血,mp4,19,27.外科 骨折概论 & 输血 天天师兄26考研.mp4
外科学,core_course,核心-真题-串联【课程】,25,四肢骨折和脱位1,mp4,20,25.外科 四肢骨折和脱位1  天天师兄26考研.mp4
外科学,core_course,核心-真题-串联【课程】,26,四肢骨折和脱位2,mp4,21,26.外科 四肢骨折和脱位2 天天师兄26考研.mp4
外科学,core_course,核心-真题-串联【课程】,33,麻醉,mp4,22,33.外科 麻醉 天天师兄26考研.mp4
外科学,core_course,核心-真题-串联【课程】,09,大肠与肛管疾病,mp4,23,09.外科 大肠与肛管疾病 天天师兄26考研.mp4
外科学,core_course,核心-真题-串联【课程】,21,骨肿瘤,mp4,24,21.外科 骨肿瘤  天天师兄26考研 .mp4
外科学,core_course,核心-真题-串联【课程】,31,感染,mp4,25,31.外科 感染 天天师兄26考研.mp4
外科学,core_course,核心-真题-串联【课程】,11,细菌性肝脓肿&门脉高压症&胰腺肿瘤,mp4,26,11.外科 细菌性肝脓肿&门脉高压症&胰腺肿瘤 天天师兄26考研.mp4
外科学,core_course,核心-真题-串联【课程】,30,烧伤,mp4,27,30.外科 烧伤 天天师兄26考研.mp4
外科学,core_course,核心-真题-串联【课程】,03,乳房疾病,mp4,28,03.外科 乳房疾病  天天师兄26考研.mp4
外科学,core_course,核心-真题-串联【课程】,02,颈部疾病2 & 食管疾病,mp4,29,02.外科 颈部疾病2 & 食管疾病  天天师兄26考研.mp4
外科学,core_course,核心-真题-串联【课程】,23,颈腰椎退行性病1 26考研,mp4,30,23.外科 颈腰椎退行性病1 26考研 .mp4
外科学,core_course,核心-真题-串联【课程】,06,腹部损伤,mp4,31,06.外科 腹部损伤  天天师兄26考研.mp4
外科学,core_course,核心-真题-串联【课程】,19,骨与关节感染,mp4,32,19.外科 骨与关节感染  天天师兄26考研.mp4
外科学,core_course,核心-真题-串联【课程】,20,非化脓性关节炎,mp4,33,20.外科 非化脓性关节炎  天天师兄26考研.mp4
外科学,core_course,核心-真题-串联【课程】,32,围术期,mp4,34,32.外科 围术期 天天师兄26考研.mp4
外科学,core_course,核心-真题-串联【课程】,12,胆系疾病1,mp4,35,12.外科 胆系疾病1 天天师兄26考研.mp4
外科学,core_course,核心-真题-串联【课程】,15,泌尿外科疾病,mp4,36,15.外科 泌尿外科疾病  天天师兄26考研.mp4
外科学,core_course,核心-真题-串联【课程】,29,营养代谢,mp4,37,29.外科 营养代谢  天天师兄26考研.mp4
内科学,core_course,核心-真题-串联【课程】,46,心瓣膜病1,doc,39,46.内科含诊断 心瓣膜病1 天天师兄26考研.doc
内科学,core_course,核心-真题-串联【课程】,47,心瓣膜病2,doc,40,47.内科含诊断 心瓣膜病2 天天师兄26考研.doc
内科学,core_course,核心-真题-串联【课程】,44,感染性心内膜炎,pptx,41,44.内科 感染性心内膜炎 天天师兄26考研_20251004223748.pptx
内科学,core_course,核心-真题-串联【课程】,24,肾衰竭 & 原发性肾小球疾病（含病理）1,mp4,42,24.内科含诊断 肾衰竭 & 原发性肾小球疾病（含病理）1 天天师兄26考研.mp4
内科学,core_course,核心-真题-串联【课程】,25,原发性肾小球疾病（含病理）2,mp4,43,25.内科含诊断 原发性肾小球疾病（含病理）2 天天师兄26考研.mp4
内科学,core_course,核心-真题-串联【课程】,47,心瓣膜病2,mp4,44,47.内科含诊断 心瓣膜病2 天天师兄26考研.mp4
内科学,core_course,核心-真题-串联【课程】,18,炎症性肠病2 & 肠易激综合征,mp4,45,18.内科 炎症性肠病2 & 肠易激综合征  天天师兄26考研.mp4
内科学,core_course,核心-真题-串联【课程】,44,感染性心内膜炎,mp4,46,44.内科 感染性心内膜炎 天天师兄26考研.mp4
内科学,core_course,核心-真题-串联【课程】,41,类风湿（含外科）&干燥综合征&系统性血管炎,mp4,47,41.内科 类风湿（含外科）&干燥综合征&系统性血管炎 天天师兄26考研.mp4
内科学,core_course,核心-真题-串联【课程】,17,肠结核和结核性腹膜炎&炎症性肠病1,mp4,48,17.内科 肠结核和结核性腹膜炎&炎症性肠病1  天天师兄26考研.mp4
内科学,core_course,核心-真题-串联【课程】,11,呼吸衰竭 & 肺癌（含外科）,mp4,49,11.内科含诊断 呼吸衰竭 & 肺癌（含外科） 天天师兄26考研.mp4
内科学,core_course,核心-真题-串联【课程】,03,肺动脉高压,mp4,50,03.内科含诊断 肺动脉高压  天天师兄26考研.mp4
内科学,core_course,核心-真题-串联【课程】,32,白血病1,mp4,51,32.内科含诊断 白血病1  天天师兄26考研.mp4
内科学,core_course,核心-真题-串联【课程】,56,心律失常2,mp4,52,56. 内科含诊断 心律失常2 天天师兄26考研.mp4
内科学,core_course,核心-真题-串联【课程】,04,急性肺血栓栓塞症,mp4,53,04.内科 急性肺血栓栓塞症  天天师兄26考研.mp4
内科学,core_course,核心-真题-串联【课程】,10,支气管哮喘2 & ARDS,mp4,54,10.内科含诊断 支气管哮喘2 & ARDS  天天师兄26考研.mp4
内科学,core_course,核心-真题-串联【课程】,08,肺结核,mp4,55,08.内科含诊断 肺结核  天天师兄26考研.mp4
内科学,core_course,核心-真题-串联【课程】,29,再障 & 溶血性贫血,mp4,56,29.内科含诊断 再障 & 溶血性贫血 天天师兄26考研.mp4
内科学,core_course,核心-真题-串联【课程】,39,库欣综合征&嗜铬细胞瘤&内分泌总论,mp4,57,39.内科 库欣综合征&嗜铬细胞瘤&内分泌总论  天天师兄26考研.mp4
内科学,core_course,核心-真题-串联【课程】,28,缺铁性贫血（含贫血概述）,mp4,58,28.内科含诊断 缺铁性贫血（含贫血概述） 天天师兄26考研.mp4
内科学,core_course,核心-真题-串联【课程】,22,胰腺炎（含外科）,mp4,59,22.内科 胰腺炎（含外科） 天天师兄26考研.mp4
内科学,core_course,核心-真题-串联【课程】,34,淋巴瘤（含病理）,mp4,60,34.内科含诊断 淋巴瘤（含病理） 天天师兄26考研.mp4
内科学,core_course,核心-真题-串联【课程】,33,白血病2,mp4,61,33.内科含诊断 白血病2  天天师兄26考研.mp4
内科学,core_course,核心-真题-串联【课程】,51,冠心病2,mp4,62,51.内科含诊断 冠心病2  天天师兄26考研.mp4
内科学,core_course,核心-真题-串联【课程】,35,Graves病,mp4,63,35.内科含诊断 Graves病 天天师兄26考研.mp4
内科学,core_course,核心-真题-串联【课程】,26,原发性肾小球疾病（含病理）3,mp4,64,26.内科含诊断 原发性肾小球疾病（含病理）3 天天师兄26考研.mp4
内科学,core_course,核心-真题-串联【课程】,16,消化性溃疡和消化道出血（含外科）2,mp4,65,16.内科含诊断 消化性溃疡和消化道出血（含外科）2  天天师兄26考研.mp4
内科学,core_course,核心-真题-串联【课程】,09,支气管哮喘1,mp4,66,09.内科含诊断 支气管哮喘1  天天师兄26考研.mp4
内科学,core_course,核心-真题-串联【课程】,13,胸膜疾病（含外科）2,mp4,67,13.内科含诊断 胸膜疾病（含外科）2  天天师兄26考研.mp4
内科学,core_course,核心-真题-串联【课程】,12,胸膜疾病（含外科）1,mp4,68,12.内科含诊断 胸膜疾病（含外科）1  天天师兄26考研.mp4
内科学,core_course,核心-真题-串联【课程】,53,心衰1,mp4,69,53.内科含诊断 心衰1 天天师兄26考研.mp4
内科学,core_course,核心-真题-串联【课程】,31,骨髓瘤 & MDS,mp4,70,31.内科 骨髓瘤 & MDS 天天师兄26考研.mp4
内科学,core_course,核心-真题-串联【课程】,30,出血性疾病,mp4,71,30.内科含诊断 出血性疾病 天天师兄26考研.mp4
内科学,core_course,核心-真题-串联【课程】,50,冠心病1,mp4,72,50.内科含诊断 冠心病1  天天师兄26考研.mp4
内科学,core_course,核心-真题-串联【课程】,58,心律失常4 & 心脏骤停（含外科）,mp4,73,58.内科含诊断 心律失常4 & 心脏骤停（含外科） 天天师兄26考研.mp4
内科学,core_course,核心-真题-串联【课程】,57,心律失常3,mp4,74,57.内科含诊断 心律失常3  天天师兄26考研.mp4
内科学,core_course,核心-真题-串联【课程】,49,心瓣膜病4,mp4,75,49.内科含诊断 心瓣膜病4 天天师兄26考研.mp4
内科学,core_course,核心-真题-串联【课程】,27,原发性肾小球疾病（含病理）4,mp4,76,27.内科含诊断 原发性肾小球疾病（含病理）4 天天师兄26考研.mp4
内科学,core_course,核心-真题-串联【课程】,48,心瓣膜病3,mp4,77,48.内科含诊断 心瓣膜病3 天天师兄26考研.mp4
内科学,core_course,核心-真题-串联【课程】,59,中毒,mp4,78,59.内科 中毒  天天师兄26考研.mp4
内科学,core_course,核心-真题-串联【课程】,45,高血压,mp4,79,45.内科含诊断 高血压 天天师兄26考研.mp4
内科学,core_course,核心-真题-串联【课程】,15,消化性溃疡和消化道出血（含外科）1,mp4,80,15.内科含诊断 消化性溃疡和消化道出血（含外科）1  天天师兄26考研.mp4
内科学,core_course,核心-真题-串联【课程】,55,心律失常1,mp4,81,55. 内科含诊断 心律失常1 天天师兄26考研.mp4
内科学,core_course,核心-真题-串联【课程】,46,心瓣膜病1,mp4,82,46.内科含诊断 心瓣膜病1 天天师兄26考研.mp4
内科学,core_course,核心-真题-串联【课程】,23,泌尿系统总论 & 尿路感染,mp4,83,23.内科含诊断 泌尿系统总论 & 尿路感染  天天师兄26考研.mp4
内科学,core_course,核心-真题-串联【课程】,01,COPD1,mp4,84,01.内科含诊断 COPD1  天天师兄26考研.mp4
内科学,core_course,核心-真题-串联【课程】,14,胃食管反流病 & 胃炎,mp4,85,14.内科含诊断 胃食管反流病 & 胃炎  天天师兄26考研.mp4
内科学,core_course,核心-真题-串联【课程】,05,间质性肺疾病,mp4,86,05.内科 间质性肺疾病  天天师兄26考研.mp4
内科学,core_course,核心-真题-串联【课程】,36,甲减 & 糖尿病1,mp4,87,36.内科含诊断 甲减 & 糖尿病1  天天师兄26考研.mp4
内科学,core_course,核心-真题-串联【课程】,21,肝硬化2,mp4,88,21.内科含诊断 肝硬化2  天天师兄26考研.mp4
内科学,core_course,核心-真题-串联【课程】,52,冠心病3,mp4,89,52.内科含诊断 冠心病3  天天师兄26考研.mp4
内科学,core_course,核心-真题-串联【课程】,38,糖尿病3 & 原醛,mp4,90,38.内科含诊断 糖尿病3 & 原醛 天天师兄26考研.mp4
内科学,core_course,核心-真题-串联【课程】,54,心衰2,mp4,91,54.内科含诊断 心衰2  天天师兄26考研.mp4
内科学,core_course,核心-真题-串联【课程】,06,支气管扩张症 & 急性肺脓肿,mp4,92,06.内科含诊断 支气管扩张症 & 急性肺脓肿  天天师兄26考研.mp4
内科学,core_course,核心-真题-串联【课程】,19,肝性脑病 & 原发性肝癌（含外科）,mp4,93,19.内科 肝性脑病 & 原发性肝癌（含外科） 天天师兄26考研.mp4
内科学,core_course,核心-真题-串联【课程】,20,肝硬化1,mp4,94,20.内科含诊断 肝硬化1 天天师兄26考研.mp4
内科学,core_course,核心-真题-串联【课程】,42,心肌疾病,mp4,95,42.内科 心肌疾病 天天师兄26考研.mp4
内科学,core_course,核心-真题-串联【课程】,07,肺炎,mp4,96,07.内科含诊断 肺炎 天天师兄26考研.mp4
内科学,core_course,核心-真题-串联【课程】,02,COPD2,mp4,97,02.内科含诊断 COPD2  天天师兄26考研.mp4
内科学,core_course,核心-真题-串联【课程】,43,心包疾病,mp4,98,43.内科含诊断 心包疾病 天天师兄26考研.mp4
内科学,core_course,核心-真题-串联【课程】,40,风湿系统总论 & SLE,mp4,99,40.内科含诊断 风湿系统总论 & SLE  天天师兄26考研.mp4
内科学,core_course,核心-真题-串联【课程】,37,糖尿病2,mp4,100,37.内科含诊断 糖尿病2  天天师兄26考研.mp4
生理学,notes_archive,讲义&思维导图,,跨膜运输,png,112,生理 跨膜运输.png
生理学,notes_archive,讲义&思维导图,,绪论,png,113,生理 绪论.png
生理学,notes_archive,讲义&思维导图,,填空式讲义：生理+生化 细胞信号转导核心-导图-真题-串联-易错-补充,png,118,填空式讲义：生理+生化 细胞信号转导核心-导图-真题-串联-易错-补充.png
生物化学,notes_archive,讲义、导图,,翻译 思维导图,png,125,生化 翻译 思维导图 天天师兄26考研.png
生物化学,notes_archive,讲义、导图,,DNA损伤 思维导图,png,126,生化 DNA损伤 思维导图 天天师兄26考研.png
生物化学,notes_archive,讲义、导图,,核酸 思维导图,png,127,生化 核酸 思维导图 天天师兄26考研.png
生物化学,notes_archive,讲义、导图,,基因表达调控概述 思维导图,png,128,生化 基因表达调控概述 思维导图 天天师兄26考研.png
生物化学,notes_archive,讲义、导图,,DNA的合成 思维导图,png,129,生化 DNA的合成 思维导图 天天师兄26考研.png
生物化学,notes_archive,讲义、导图,,真核基因 思维导图,png,130,生化 真核基因 思维导图 天天师兄26考研.png
生物化学,notes_archive,讲义、导图,,转录及调控 思维导图,png,131,生化 转录及调控 思维导图 天天师兄26考研.png
生物化学,notes_archive,讲义、导图,,氨基酸 思维导图,jpg,133,生化 氨基酸 思维导图 天天师兄26考研.jpg
生物化学,notes_archive,讲义、导图,,胆色素代谢 思维导图,jpg,134,生化 胆色素代谢 思维导图 天天师兄26考研.jpg
生物化学,notes_archive,讲义、导图,,氨基酸代谢 思维导图,jpg,135,生化 氨基酸代谢 思维导图 天天师兄26考研.jpg
生物化学,notes_archive,讲义、导图,,核苷酸代谢 思维导图,jpg,136,生化 核苷酸代谢 思维导图 天天师兄26考研.jpg
生物化学,notes_archive,讲义、导图,,蛋白质 思维导图,jpg,137,生化 蛋白质 思维导图 天天师兄26考研.jpg
生物化学,notes_archive,讲义、导图,,维生素（含辅因子小结） 思维导图,jpg,138,生化 维生素（含辅因子小结） 思维导图 天天师兄26考研.jpg
生物化学,notes_archive,讲义、导图,,原癌基因&抑癌基因 思维导图,jpg,139,生化 原癌基因&抑癌基因 思维导图 天天师兄26考研.jpg
生物化学,notes_archive,讲义、导图,,生物转化 思维导图,jpg,140,生化 生物转化 思维导图 天天师兄26考研.jpg
生物化学,notes_archive,讲义、导图,,基因重组 思维导图,jpg,141,生化 基因重组 思维导图 天天师兄26考研.jpg
生物化学,notes_archive,讲义、导图,,分子生物学技术等 思维导图,jpg,142,生化 分子生物学技术等 思维导图 天天师兄26考研.jpg
生物化学,notes_archive,讲义、导图,,酶 思维导图,jpg,143,生化 酶 思维导图 天天师兄26考研.jpg
生物化学,notes_archive,讲义、导图,,糖有氧氧化&高能化合物 思维导图,png,145,生化 糖有氧氧化&高能化合物 思维导图 天天师兄26考研.png
生物化学,notes_archive,讲义、导图,,填空式讲义：生化 糖无氧氧化、糖有氧氧化、红细胞代谢、高能化合物,pdf,146,填空式讲义：生化 糖无氧氧化、糖有氧氧化、红细胞代谢、高能化合物 天天师兄26考研.pdf
生物化学,notes_archive,讲义、导图,,糖无氧氧化&红细胞代谢 思维导图,pdf,147,生化 糖无氧氧化&红细胞代谢 思维导图 天天师兄26考研.pdf
生物化学,notes_archive,讲义、导图,,填空式讲义：生化 磷酸戊糖途径、糖原、糖异生,pdf,148,填空式讲义：生化 磷酸戊糖途径、糖原、糖异生 天天师兄26考研.pdf
生物化学,notes_archive,讲义、导图,,脂肪代谢 思维导图,pdf,149,生化 脂肪代谢 思维导图 天天师兄26考研.pdf
生物化学,notes_archive,讲义、导图,,氧化磷酸化 思维导图,pdf,150,生化 氧化磷酸化 思维导图 天天师兄26考研.pdf
生物化学,notes_archive,讲义、导图,,磷脂代谢&胆固醇代谢和胆汁酸 思维导图,png,151,生化 磷脂代谢&胆固醇代谢和胆汁酸 思维导图 天天师兄26考研.png
生物化学,notes_archive,讲义、导图,,血浆脂蛋白 思维导图,pdf,152,生化 血浆脂蛋白 思维导图 天天师兄26考研.pdf
生物化学,notes_archive,讲义、导图,,填空式讲义：生化 血浆脂蛋白,pdf,153,填空式讲义：生化 血浆脂蛋白 天天师兄26考研.pdf
生物化学,notes_archive,讲义、导图,,填空式讲义：生化 脂肪代谢,pdf,154,填空式讲义：生化 脂肪代谢 天天师兄26考研.pdf
生物化学,notes_archive,讲义、导图,,糖无氧氧化&红细胞代谢 思维导图,png,155,生化 糖无氧氧化&红细胞代谢 思维导图 天天师兄26考研.png
生物化学,notes_archive,讲义、导图,,磷酸戊糖途径、糖原、糖异生 思维导图,png,156,生化 磷酸戊糖途径、糖原、糖异生 思维导图 天天师兄26考研.png
生物化学,notes_archive,讲义、导图,,填空式讲义：生化 氧化磷酸化,pdf,157,填空式讲义：生化 氧化磷酸化 天天师兄26考研.pdf
生物化学,notes_archive,讲义、导图,,脂肪代谢 思维导图,png,158,生化 脂肪代谢 思维导图 天天师兄26考研.png
生物化学,notes_archive,讲义、导图,,磷酸戊糖途径、糖原、糖异生 思维导图,pdf,159,生化 磷酸戊糖途径、糖原、糖异生 思维导图 天天师兄26考研.pdf
生物化学,notes_archive,讲义、导图,,糖有氧氧化&高能化合物 思维导图,pdf,160,生化 糖有氧氧化&高能化合物 思维导图 天天师兄26考研.pdf
生物化学,notes_archive,讲义、导图,,血浆脂蛋白 思维导图,png,161,生化 血浆脂蛋白 思维导图 天天师兄26考研.png
生物化学,notes_archive,讲义、导图,,氧化磷酸化 思维导图,png,162,生化 氧化磷酸化 思维导图 天天师兄26考研.png
生物化学,notes_archive,讲义、导图,,磷脂代谢&胆固醇代谢和胆汁酸 思维导图,pdf,163,生化 磷脂代谢&胆固醇代谢和胆汁酸 思维导图 天天师兄26考研.pdf
生物化学,notes_archive,讲义、导图,,填空式讲义：生化 磷脂代谢、胆固醇代谢和胆汁酸,pdf,164,填空式讲义：生化 磷脂代谢、胆固醇代谢和胆汁酸 天天师兄26考研.pdf
内科学,notes_archive,讲义&思维导图,,心律失常 思维导图,pdf,167,内科含诊断 心律失常 思维导图 天天师兄26考研.pdf
内科学,notes_archive,讲义&思维导图,,填空式讲义：内科含诊断 心律失常,pdf,168,填空式讲义：内科含诊断 心律失常 天天师兄26考研.pdf
内科学,notes_archive,讲义&思维导图,,填空式讲义：内科+外科 心脏骤停,pdf,169,填空式讲义：内科+外科 心脏骤停 天天师兄26考研.pdf
内科学,notes_archive,讲义&思维导图,,+外科 心脏骤停 思维导图,pdf,170,内科+外科 心脏骤停 思维导图 天天师兄26考研.pdf
内科学,notes_archive,讲义&思维导图,,舒张性心衰 思维导图,pdf,172,内科 舒张性心衰 思维导图 天天师兄26考研.pdf
内科学,notes_archive,讲义&思维导图,,填空式讲义：内科含诊断 收缩性心衰,pdf,173,填空式讲义：内科含诊断 收缩性心衰 天天师兄26考研.pdf
内科学,notes_archive,讲义&思维导图,,填空式讲义：内科含诊断 冠心病,pdf,174,填空式讲义：内科含诊断 冠心病 天天师兄26考研.pdf
内科学,notes_archive,讲义&思维导图,,收缩性心衰 思维导图,pdf,175,内科含诊断 收缩性心衰 思维导图 天天师兄26考研.pdf
内科学,notes_archive,讲义&思维导图,,冠心病 思维导图,pdf,176,内科含诊断 冠心病 思维导图 天天师兄26考研.pdf
内科学,notes_archive,讲义&思维导图,6,9讲义汇总,pdf,178,6.9讲义汇总.pdf
内科学,notes_archive,讲义&思维导图,,肝性脑病 思维导图,pdf,180,内科 肝性脑病 思维导图 天天师兄26考研.pdf
内科学,notes_archive,讲义&思维导图,,原发性肾小球疾病 思维导图,pdf,181,内科含诊断 原发性肾小球疾病 思维导图 天天师兄26考研.pdf
内科学,notes_archive,讲义&思维导图,,填空式讲义：内科+外科 胰腺炎,pdf,182,填空式讲义：内科+外科 胰腺炎 天天师兄26考研.pdf
内科学,notes_archive,讲义&思维导图,,尿路感染 思维导图,pdf,183,内科 尿路感染 思维导图 天天师兄26考研.pdf
内科学,notes_archive,讲义&思维导图,,填空式讲义：内科含诊断 肝硬化,pdf,184,填空式讲义：内科含诊断 肝硬化 天天师兄26考研.pdf
内科学,notes_archive,讲义&思维导图,,肝硬化 思维导图,pdf,185,内科含诊断 肝硬化 思维导图 天天师兄26考研.pdf
内科学,notes_archive,讲义&思维导图,,填空式讲义：内科含诊断 泌尿系统总论,pdf,186,填空式讲义：内科含诊断 泌尿系统总论 天天师兄26考研.pdf
内科学,notes_archive,讲义&思维导图,,填空式讲义：内科 尿路感染,pdf,187,填空式讲义：内科 尿路感染 天天师兄26考研.pdf
内科学,notes_archive,讲义&思维导图,,填空式讲义：内科 肝性脑病,pdf,188,填空式讲义：内科 肝性脑病 天天师兄26考研.pdf
内科学,notes_archive,讲义&思维导图,,填空式讲义：内科 肾衰竭,pdf,189,填空式讲义：内科 肾衰竭 天天师兄26考研.pdf
内科学,notes_archive,讲义&思维导图,,+外科 急性胰腺炎 思维导图,pdf,190,内科+外科 急性胰腺炎 思维导图 天天师兄26考研.pdf
内科学,notes_archive,讲义&思维导图,,+外科 原发性肝细胞癌 思维导图,pdf,191,内科+外科 原发性肝细胞癌 思维导图 天天师兄26考研.pdf
内科学,notes_archive,讲义&思维导图,,肾衰竭 思维导图,pdf,192,内科 肾衰竭 思维导图 天天师兄26考研.pdf
内科学,notes_archive,讲义&思维导图,,填空式讲义：内科含诊断+病理 原发性肾小球疾病,pdf,193,填空式讲义：内科含诊断+病理 原发性肾小球疾病 天天师兄26考研.pdf
内科学,notes_archive,讲义&思维导图,,填空式讲义：内科+外科 原发性肝癌,pdf,194,填空式讲义：内科+外科 原发性肝癌 天天师兄26考研.pdf
内科学,notes_archive,讲义&思维导图,,泌尿系统总论 思维导图,pdf,195,内科含诊断 泌尿系统总论 思维导图 天天师兄26考研.pdf
内科学,notes_archive,讲义&思维导图,,中毒 思维 导图,pdf,199,内科 中毒 思维 导图 天天师兄26考研.pdf
内科学,notes_archive,讲义&思维导图,,填空式讲义：内科 肠结核 & 结核性腹膜炎,pdf,201,填空式讲义：内科 肠结核 & 结核性腹膜炎 天天师兄26考研.pdf
内科学,notes_archive,讲义&思维导图,,+外科 肺癌 思维导图,pdf,202,内科+外科 肺癌 思维导图 天天师兄26考研.pdf
内科学,notes_archive,讲义&思维导图,,肠结核&结核性腹膜炎 思维导图,pdf,203,内科 肠结核&结核性腹膜炎 思维导图 天天师兄26考研.pdf
内科学,notes_archive,讲义&思维导图,,填空式讲义：内科含诊断 呼吸衰竭,pdf,204,填空式讲义：内科含诊断 呼吸衰竭 天天师兄26考研.pdf
内科学,notes_archive,讲义&思维导图,,填空式讲义：内科+外科 肺癌,pdf,205,填空式讲义：内科+外科 肺癌 天天师兄26考研.pdf
内科学,notes_archive,讲义&思维导图,,胃食管反流病 思维导图,pdf,206,内科 胃食管反流病 思维导图 天天师兄26考研.pdf
内科学,notes_archive,讲义&思维导图,,填空式讲义：内科含诊断+外科 胸膜疾病,pdf,207,填空式讲义：内科含诊断+外科 胸膜疾病 天天师兄26考研.pdf
内科学,notes_archive,讲义&思维导图,,填空式讲义：内科含诊断+外科 消化性溃疡 & 消化道出血,pdf,208,填空式讲义：内科含诊断+外科 消化性溃疡 & 消化道出血 天天师兄26考研.pdf
内科学,notes_archive,讲义&思维导图,,填空式讲义：内科 胃食管反流病,pdf,209,填空式讲义：内科 胃食管反流病 天天师兄26考研.pdf
内科学,notes_archive,讲义&思维导图,,胃炎（含胃酸小结&Hp小结） 思维导图,pdf,210,内科含诊断 胃炎（含胃酸小结&Hp小结） 思维导图 天天师兄26考研.pdf
内科学,notes_archive,讲义&思维导图,,肠易激综合征（含消化系统内镜小结） 思维导图,pdf,211,内科 肠易激综合征（含消化系统内镜小结） 思维导图 天天师兄26考研.pdf
内科学,notes_archive,讲义&思维导图,,+外科 消化性溃疡&消化道出血 思维导图,pdf,212,内科含诊断+外科 消化性溃疡&消化道出血 思维导图 天天师兄26考研.pdf
内科学,notes_archive,讲义&思维导图,,呼吸衰竭（含酸碱失衡判断小结） 思维导图,pdf,213,内科含诊断 呼吸衰竭（含酸碱失衡判断小结） 思维导图 天天师兄26考研.pdf
内科学,notes_archive,讲义&思维导图,,填空式讲义：内科含诊断 胃炎（含胃酸小结 & Hp小结）,pdf,214,填空式讲义：内科含诊断 胃炎（含胃酸小结 & Hp小结） 天天师兄26考研.pdf
内科学,notes_archive,讲义&思维导图,,炎症性肠病 思维导图,pdf,215,内科 炎症性肠病 思维导图 天天师兄26考研.pdf
内科学,notes_archive,讲义&思维导图,,填空式讲义：内科 炎症性肠病,pdf,216,填空式讲义：内科 炎症性肠病 天天师兄26考研.pdf
内科学,notes_archive,讲义&思维导图,,填空式讲义：内科 肠易激综合征,pdf,217,填空式讲义：内科 肠易激综合征 天天师兄26考研.pdf
内科学,notes_archive,讲义&思维导图,,+外科 胸膜疾病 思维导图,pdf,218,内科含诊断+外科 胸膜疾病 思维导图 天天师兄26考研.pdf
内科学,notes_archive,讲义&思维导图,,白血病 思维导图,pdf,220,内科含诊断 白血病 思维导图 天天师兄26考研.pdf
内科学,notes_archive,讲义&思维导图,,导图汇总-6.2日,pdf,221,导图汇总-6.2日.pdf
内科学,notes_archive,讲义&思维导图,,A9R10cu5li_1rhhdce_7gs.tmp,pdf,222,A9R10cu5li_1rhhdce_7gs.tmp.pdf
内科学,notes_archive,讲义&思维导图,,出血性疾病 思维导图,pdf,223,内科含诊断 出血性疾病 思维导图 天天师兄26考研.pdf
内科学,notes_archive,讲义&思维导图,,思维导图,pdf,224,思维导图.pdf
内科学,notes_archive,讲义&思维导图,,讲义汇总-6.2日,pdf,225,讲义汇总-6.2日.pdf
医学人文,notes_archive,讲义,,微信扫码查看 每日最新进度记录,jpg,227,微信扫码查看 每日最新进度记录.jpg
病理学,notes_archive,讲义 导图,,慢性胃炎、消化性溃疡、阑尾炎、胰腺疾病 思维导图,png,233,病理 慢性胃炎、消化性溃疡、阑尾炎、胰腺疾病 思维导图 天天师兄26考研.png
病理学,notes_archive,讲义 导图,,动脉粥样硬化 思维导图,png,234,病理 动脉粥样硬化 思维导图 天天师兄26考研.png
病理学,notes_archive,讲义 导图,,肺炎 思维导图,png,235,病理 肺炎 思维导图 天天师兄26考研.png
病理学,notes_archive,讲义 导图,,病毒性肝炎 思维导图,png,236,病理 病毒性肝炎 思维导图 天天师兄26考研.png
病理学,notes_archive,讲义 导图,,高血压 思维导图,png,237,病理 高血压 思维导图 天天师兄26考研.png
病理学,notes_archive,讲义 导图,,呼吸系统肿瘤 思维导图,png,238,病理 呼吸系统肿瘤 思维导图 天天师兄26考研.png
病理学,notes_archive,讲义 导图,,肺硅沉着病 思维导图,png,239,病理 肺硅沉着病 思维导图 天天师兄26考研.png
病理学,notes_archive,讲义 导图,,原发性肝癌 思维导图,png,240,病理 原发性肝癌 思维导图 天天师兄26考研.png
病理学,notes_archive,讲义 导图,,消化道肿瘤 思维导图,png,241,病理 消化道肿瘤 思维导图 天天师兄26考研.png
病理学,notes_archive,讲义 导图,,肝硬化 思维导图,png,242,病理 肝硬化 思维导图 天天师兄26考研.png
病理学,notes_archive,讲义 导图,,感染性心内膜炎 思维导图,png,243,病理 感染性心内膜炎 思维导图 天天师兄26考研.png
病理学,notes_archive,讲义 导图,,心肌疾病 思维导图,png,244,病理 心肌疾病 思维导图 天天师兄26考研.png
病理学,notes_archive,讲义 导图,,风湿病 思维导图,png,245,病理 风湿病 思维导图 天天师兄26考研.png
病理学,notes_archive,讲义 导图,,慢支炎、肺气肿、肺心病 思维导图,png,246,病理 慢支炎、肺气肿、肺心病 思维导图 天天师兄26考研.png
病理学,notes_archive,讲义 导图,,支气管扩张症 思维导图,png,247,病理 支气管扩张症 思维导图 天天师兄26考研.png
外科学,notes_archive,讲义&思维导图,,其它颈胸部疾病 思维导图,jpg,250,外科 其它颈胸部疾病 思维导图 天天师兄26考研.jpg
外科学,notes_archive,讲义&思维导图,,乳房疾病 思维导图,pdf,251,外科 乳房疾病 思维导图 天天师兄26考研.pdf
外科学,notes_archive,讲义&思维导图,,食管癌 思维导图,jpg,252,外科 食管癌 思维导图 天天师兄26考研.jpg
外科学,notes_archive,讲义&思维导图,,其它颈胸部疾病 思维导图,pdf,253,外科 其它颈胸部疾病 思维导图 天天师兄26考研.pdf
外科学,notes_archive,讲义&思维导图,,填空式讲义：外科 其它颈胸部疾病,pdf,254,填空式讲义：外科 其它颈胸部疾病 天天师兄26考研.pdf
外科学,notes_archive,讲义&思维导图,,食管癌 思维导图,pdf,255,外科 食管癌 思维导图 天天师兄26考研.pdf
外科学,notes_archive,讲义&思维导图,,甲状腺疾病 思维导图,pdf,256,外科 甲状腺疾病 思维导图 天天师兄26考研.pdf
外科学,notes_archive,讲义&思维导图,,填空式讲义：外科 颈部疾病,pdf,257,填空式讲义：外科 颈部疾病 天天师兄26考研.pdf
外科学,notes_archive,讲义&思维导图,,填空式讲义：外科 食管疾病,pdf,258,填空式讲义：外科 食管疾病 天天师兄26考研.pdf
外科学,notes_archive,讲义&思维导图,,乳房疾病 思维导图,jpg,259,外科 乳房疾病 思维导图 天天师兄26考研.jpg
外科学,notes_archive,讲义&思维导图,,填空式讲义：外科 乳房疾病,pdf,260,填空式讲义：外科 乳房疾病 天天师兄26考研.pdf
外科学,notes_archive,讲义&思维导图,,甲状腺疾病 思维导图,jpg,261,外科 甲状腺疾病 思维导图 天天师兄26考研.jpg
外科学,notes_archive,讲义&思维导图,,填空式讲义：外科 躯干骨骨折 & 脊髓损伤,pdf,263,填空式讲义：外科 躯干骨骨折 & 脊髓损伤 天天师兄26考研.pdf
外科学,notes_archive,讲义&思维导图,,躯干骨骨折 & 脊髓损伤 思维导图,png,264,外科 躯干骨骨折 & 脊髓损伤 思维导图 天天师兄26考研.png
外科学,notes_archive,讲义&思维导图,,填空式讲义：外科 骨与关节感染,pdf,265,填空式讲义：外科 骨与关节感染 天天师兄26考研.pdf
外科学,notes_archive,讲义&思维导图,,躯干骨骨折 & 脊髓损伤 思维导图,pdf,266,外科 躯干骨骨折 & 脊髓损伤 思维导图 天天师兄26考研.pdf
外科学,notes_archive,讲义&思维导图,,骨与关节感染 思维导图,png,267,外科 骨与关节感染 思维导图 天天师兄26考研.png
外科学,notes_archive,讲义&思维导图,,非化脓性关节炎 思维导图,png,268,外科 非化脓性关节炎 思维导图 天天师兄26考研.png
外科学,notes_archive,讲义&思维导图,,填空式讲义：外科 非化脓性关节炎,pdf,269,填空式讲义：外科 非化脓性关节炎 天天师兄26考研.pdf
外科学,notes_archive,讲义&思维导图,,骨与关节感染 思维导图,pdf,270,外科 骨与关节感染 思维导图 天天师兄26考研.pdf
外科学,notes_archive,讲义&思维导图,,骨肿瘤 思维导图,png,271,外科 骨肿瘤 思维导图 天天师兄26考研.png
外科学,notes_archive,讲义&思维导图,,骨肿瘤 思维导图,pdf,272,外科 骨肿瘤 思维导图 天天师兄26考研.pdf
外科学,notes_archive,讲义&思维导图,,填空式讲义：外科 骨肿瘤,pdf,273,填空式讲义：外科 骨肿瘤 天天师兄26考研.pdf
外科学,notes_archive,讲义&思维导图,,细菌性肝脓肿,jpg,275,外科 细菌性肝脓肿 天天师兄26考研思维导图.jpg
外科学,notes_archive,讲义&思维导图,,门脉高压症,jpg,276,外科 门脉高压症 天天师兄26考研思维导图.jpg
外科学,notes_archive,讲义&思维导图,,填空式讲义：外科 胰腺肿瘤,pdf,277,填空式讲义：外科 胰腺肿瘤 天天师兄26考研.pdf
外科学,notes_archive,讲义&思维导图,,填空式讲义：外科 门脉高压症,pdf,278,填空式讲义：外科 门脉高压症 天天师兄26考研.pdf
外科学,notes_archive,讲义&思维导图,,填空式讲义：外科 细菌性肝脓肿,pdf,279,填空式讲义：外科 细菌性肝脓肿 天天师兄26考研.pdf
外科学,notes_archive,讲义&思维导图,,门脉高压症 思维导图,pdf,280,外科 门脉高压症 思维导图 天天师兄26考研.pdf
外科学,notes_archive,讲义&思维导图,,胰腺肿瘤 思维导图,pdf,281,外科 胰腺肿瘤 思维导图 天天师兄26考研.pdf
外科学,notes_archive,讲义&思维导图,,胰腺肿瘤,jpg,282,外科 胰腺肿瘤 天天师兄26考研思维导图.jpg
外科学,notes_archive,讲义&思维导图,,细菌性肝脓肿 思维导图,pdf,283,外科 细菌性肝脓肿 思维导图 天天师兄26考研.pdf
外科学,notes_archive,讲义&思维导图,,大肠癌 思维导图,pdf,285,外科 大肠癌 思维导图 天天师兄26考研.pdf
外科学,notes_archive,讲义&思维导图,,填空式讲义：外科 阑尾炎,pdf,286,填空式讲义：外科 阑尾炎 天天师兄26考研.pdf
外科学,notes_archive,讲义&思维导图,,腹腔感染 思维导图,pdf,287,外科 腹腔感染 思维导图 天天师兄26考研.pdf
外科学,notes_archive,讲义&思维导图,,填空式讲义：外科 腹腔感染,pdf,288,填空式讲义：外科 腹腔感染 天天师兄26考研.pdf
外科学,notes_archive,讲义&思维导图,,腹部损伤 思维导图,pdf,289,外科 腹部损伤 思维导图 天天师兄26考研.pdf
外科学,notes_archive,讲义&思维导图,,填空式讲义：外科 腹部损伤,pdf,290,填空式讲义：外科 腹部损伤 天天师兄26考研.pdf
外科学,notes_archive,讲义&思维导图,,填空式讲义：外科 大肠癌,pdf,291,填空式讲义：外科 大肠癌 天天师兄26考研.pdf
外科学,notes_archive,讲义&思维导图,,填空式讲义：外科 腹外疝,pdf,293,填空式讲义：外科 腹外疝 天天师兄26考研.pdf
外科学,notes_archive,讲义&思维导图,,腹外疝 思维导图,pdf,296,外科 腹外疝 思维导图 天天师兄26考研.pdf
外科学,notes_archive,讲义&思维导图,,填空式讲义：外科 其它大肠与肛管疾病,pdf,297,填空式讲义：外科 其它大肠与肛管疾病 天天师兄26考研.pdf
外科学,notes_archive,讲义&思维导图,,胃癌 思维导图,pdf,298,外科 胃癌 思维导图 天天师兄26考研.pdf
外科学,notes_archive,讲义&思维导图,,其它大肠与肛管疾病 思维导图,pdf,299,外科 其它大肠与肛管疾病 思维导图 天天师兄26考研.pdf
外科学,notes_archive,讲义&思维导图,,填空式讲义：外科 胃肿瘤,pdf,300,填空式讲义：外科 胃肿瘤 天天师兄26考研.pdf
外科学,notes_archive,讲义&思维导图,,填空式讲义：外科 肠梗阻,pdf,304,填空式讲义：外科 肠梗阻 天天师兄26考研.pdf
外科学,notes_archive,讲义&思维导图,,肠梗阻 思维导图,pdf,307,外科 肠梗阻 思维导图 天天师兄26考研.pdf
外科学,notes_archive,讲义&思维导图,,急性阑尾炎 思维导图,pdf,308,外科 急性阑尾炎 思维导图 天天师兄26考研.pdf
外科学,notes_archive,讲义&思维导图,,感染 思维导图,png,310,外科 感染 思维导图 天天师兄26考研.png
外科学,notes_archive,讲义&思维导图,,营养代谢 思维导图,png,311,外科 营养代谢 思维导图 天天师兄26考研.png
外科学,notes_archive,讲义&思维导图,,烧伤 思维导图,png,312,外科 烧伤 思维导图 天天师兄26考研.png
外科学,notes_archive,讲义&思维导图,,体液失衡 思维导图,png,313,外科 体液失衡 思维导图 天天师兄26考研.png
外科学,notes_archive,讲义&思维导图,,运动系统畸形 思维导图,jpg,315,外科 运动系统畸形 思维导图 天天师兄26考研.jpg
外科学,notes_archive,讲义&思维导图,,手外伤、股骨头坏死、膝关节损伤、神经损伤 思维导图,pdf,316,外科 手外伤、股骨头坏死、膝关节损伤、神经损伤 思维导图 天天师兄26考研.pdf
外科学,notes_archive,讲义&思维导图,,泌外感染和肿瘤 思维导图,jpg,317,外科 泌外感染和肿瘤 思维导图 天天师兄26考研.jpg
外科学,notes_archive,讲义&思维导图,,泌外感染和肿瘤 思维导图,pdf,318,外科 泌外感染和肿瘤 思维导图 天天师兄26考研.pdf
外科学,notes_archive,讲义&思维导图,,泌外梗阻和外伤 思维导图,pdf,319,外科 泌外梗阻和外伤 思维导图 天天师兄26考研.pdf
外科学,notes_archive,讲义&思维导图,,运动系统慢性损伤 思维导图,jpg,320,外科 运动系统慢性损伤 思维导图 天天师兄26考研.jpg
外科学,notes_archive,讲义&思维导图,,填空式讲义：外科 运动系统慢性损伤,pdf,321,填空式讲义：外科 运动系统慢性损伤 天天师兄26考研.pdf
外科学,notes_archive,讲义&思维导图,,填空式讲义：外科 泌外梗阻和外伤,pdf,322,填空式讲义：外科 泌外梗阻和外伤 天天师兄26考研.pdf
外科学,notes_archive,讲义&思维导图,,运动系统慢性损伤 思维导图,pdf,323,外科 运动系统慢性损伤 思维导图 天天师兄26考研.pdf
外科学,notes_archive,讲义&思维导图,,填空式讲义：外科 运动系统畸形,pdf,324,填空式讲义：外科 运动系统畸形 天天师兄26考研.pdf
外科学,notes_archive,讲义&思维导图,,手外伤、股骨头坏死、膝关节损伤、神经损伤 思维导图,jpg,325,外科 手外伤、股骨头坏死、膝关节损伤、神经损伤 思维导图 天天师兄26考研.jpg
外科学,notes_archive,讲义&思维导图,,填空式讲义：外科 手外伤、股骨头坏死、膝关节损伤、神经损伤,pdf,326,填空式讲义：外科 手外伤、股骨头坏死、膝关节损伤、神经损伤 天天师兄26考研.pdf
外科学,notes_archive,讲义&思维导图,,运动系统畸形 思维导图,pdf,327,外科 运动系统畸形 思维导图 天天师兄26考研.pdf
外科学,notes_archive,讲义&思维导图,,填空式讲义：外科 泌外感染和肿瘤,pdf,328,填空式讲义：外科 泌外感染和肿瘤 天天师兄26考研.pdf
外科学,notes_archive,讲义&思维导图,,泌外梗阻和外伤 思维导图,jpg,329,外科 泌外梗阻和外伤 思维导图 天天师兄26考研.jpg
外科学,notes_archive,讲义&思维导图,,门脉高压症 思维导图,pdf,331,外科 门脉高压症 思维导图 天天师兄26考研.pdf
外科学,notes_archive,讲义&思维导图,,填空式讲义：外科 细菌性肝脓肿,pdf,332,填空式讲义：外科 细菌性肝脓肿 天天师兄26考研.pdf
外科学,notes_archive,讲义&思维导图,,胆系疾病 思维导图,png,333,外科 胆系疾病 思维导图 天天师兄26考研.png
外科学,notes_archive,讲义&思维导图,,填空式讲义：外科 周围血管疾病,pdf,334,填空式讲义：外科 周围血管疾病 天天师兄26考研.pdf
外科学,notes_archive,讲义&思维导图,,细菌性肝脓肿 思维导图,png,335,外科 细菌性肝脓肿 思维导图 天天师兄26考研.png
外科学,notes_archive,讲义&思维导图,,胰腺肿瘤 思维导图,png,336,外科 胰腺肿瘤 思维导图 天天师兄26考研.png
外科学,notes_archive,讲义&思维导图,,门脉高压症 思维导图,png,337,外科 门脉高压症 思维导图 天天师兄26考研.png
外科学,notes_archive,讲义&思维导图,,填空式讲义：外科 胆系疾病,pdf,338,填空式讲义：外科 胆系疾病 天天师兄26考研.pdf
外科学,notes_archive,讲义&思维导图,,周围血管疾病 思维导图,pdf,339,外科 周围血管疾病 思维导图 天天师兄26考研.pdf
外科学,notes_archive,讲义&思维导图,,胰腺肿瘤 思维导图,pdf,340,外科 胰腺肿瘤 思维导图 天天师兄26考研.pdf
外科学,notes_archive,讲义&思维导图,,填空式讲义：外科 门脉高压症,pdf,341,填空式讲义：外科 门脉高压症 天天师兄26考研.pdf
外科学,notes_archive,讲义&思维导图,,细菌性肝脓肿 思维导图,pdf,342,外科 细菌性肝脓肿 思维导图 天天师兄26考研.pdf
外科学,notes_archive,讲义&思维导图,,周围血管疾病 思维导图,png,343,外科 周围血管疾病 思维导图 天天师兄26考研.png
外科学,notes_archive,讲义&思维导图,,填空式讲义：外科 胰腺肿瘤,pdf,344,填空式讲义：外科 胰腺肿瘤 天天师兄26考研.pdf
外科学,notes_archive,讲义&思维导图,,胆系疾病 思维导图,pdf,345,外科 胆系疾病 思维导图 天天师兄26考研.pdf
外科学,notes_archive,讲义&思维导图,,围术期 思维导图,png,347,外科 围术期 思维导图 天天师兄26考研.png
外科学,notes_archive,讲义&思维导图,,休克 思维导图,png,348,外科 休克 思维导图 天天师兄26考研.png
外科学,notes_archive,讲义&思维导图,,其它外科总论 思维导图,png,349,外科 其它外科总论 思维导图 天天师兄26考研.png
外科学,notes_archive,讲义&思维导图,,麻醉 思维导图,png,350,外科 麻醉 思维导图 天天师兄26考研.png
外科学,notes_archive,讲义&思维导图,,骨折概论 思维导图,pdf,352,外科 骨折概论 思维导图 天天师兄26考研.pdf
外科学,notes_archive,讲义&思维导图,,下肢骨折和脱位 思维导图,pdf,353,外科 下肢骨折和脱位 思维导图 天天师兄26考研.pdf
外科学,notes_archive,讲义&思维导图,,输血 思维导图,pdf,354,外科 输血 思维导图 天天师兄26考研.pdf
外科学,notes_archive,讲义&思维导图,,填空式讲义：外科 颈腰椎退行性病（含损伤平面判断）,pdf,355,填空式讲义：外科 颈腰椎退行性病（含损伤平面判断） 天天师兄26考研.pdf
外科学,notes_archive,讲义&思维导图,,上肢骨折和脱位 思维导图,pdf,356,外科 上肢骨折和脱位 思维导图 天天师兄26考研.pdf
外科学,notes_archive,讲义&思维导图,,上肢骨折和脱位 思维导图,png,357,外科 上肢骨折和脱位 思维导图 天天师兄26考研.png
外科学,notes_archive,讲义&思维导图,,输血 思维导图,png,358,外科 输血 思维导图 天天师兄26考研.png
外科学,notes_archive,讲义&思维导图,,填空式讲义：外科 输血,pdf,359,填空式讲义：外科 输血 天天师兄26考研.pdf
外科学,notes_archive,讲义&思维导图,,骨折概论 思维导图,png,360,外科 骨折概论 思维导图 天天师兄26考研.png
外科学,notes_archive,讲义&思维导图,,填空式讲义：外科 骨折概论,pdf,361,填空式讲义：外科 骨折概论 天天师兄26考研.pdf
外科学,notes_archive,讲义&思维导图,,颈腰椎退行性病 思维导图,pdf,362,外科 颈腰椎退行性病 思维导图 天天师兄26考研.pdf
外科学,notes_archive,讲义&思维导图,,填空式讲义：外科 四肢骨折和脱位,pdf,363,填空式讲义：外科 四肢骨折和脱位 天天师兄26考研.pdf
外科学,notes_archive,讲义&思维导图,,下肢骨折和脱位 思维导图,png,364,外科 下肢骨折和脱位 思维导图 天天师兄26考研.png
外科学,notes_archive,讲义&思维导图,,颈腰椎退行性病 思维导图,png,365,外科 颈腰椎退行性病 思维导图 天天师兄26考研.png
病理学,core_course,核心-真题-串联【课程】,13,免疫性疾病,mp4,385,13.病理 免疫性疾病 天天师兄26考研.mp4
病理学,core_course,核心-真题-串联【课程】,06,高血压 & 心肌疾病,mp4,386,06.病理 高血压 & 心肌疾病 天天师兄26考研.mp4
病理学,core_course,核心-真题-串联【课程】,07,慢性胃炎、消化性溃疡、阑尾炎、胰腺疾病,mp4,387,07.病理 慢性胃炎、消化性溃疡、阑尾炎、胰腺疾病  天天师兄26考研.mp4
病理学,core_course,核心-真题-串联【课程】,09,肝硬化,mp4,388,09.病理 肝硬化 天天师兄26考研.mp4
病理学,core_course,核心-真题-串联【课程】,19,适应和损伤1,mp4,389,19.病理 适应和损伤1  天天师兄26考研.MP4
病理学,core_course,核心-真题-串联【课程】,02,慢支炎、肺气肿、肺心病2&支扩,mp4,390,02.病理 慢支炎、肺气肿、肺心病2&支扩 天天师兄26考研.mp4
病理学,core_course,核心-真题-串联【课程】,18,损伤的修复,mp4,391,18.病理 损伤的修复 天天师兄26考研.mp4
病理学,core_course,核心-真题-串联【课程】,12,内分泌系统疾病,mp4,392,12.病理 内分泌系统疾病 天天师兄26考研.mp4
病理学,core_course,核心-真题-串联【课程】,17,其它传染病,mp4,393,17.病理 其它传染病 天天师兄26考研.mp4
病理学,core_course,核心-真题-串联【课程】,21,局部血液循环障碍,mp4,394,21.病理 局部血液循环障碍  天天师兄26考研.MP4
病理学,core_course,核心-真题-串联【课程】,05,风湿病 & 动脉粥样硬化,mp4,395,05.病理 风湿病 & 动脉粥样硬化 天天师兄26考研.mp4
病理学,core_course,核心-真题-串联【课程】,20,适应和损伤2,mp4,396,20.病理 适应和损伤2  天天师兄26考研.MP4
病理学,core_course,核心-真题-串联【课程】,16,结核,mp4,397,16.病理 结核 天天师兄26考研.mp4
病理学,core_course,核心-真题-串联【课程】,14,乳腺疾病,mp4,398,14.病理 乳腺疾病 天天师兄26考研.mp4
病理学,core_course,核心-真题-串联【课程】,15,生殖系统疾病,mp4,399,15.病理 生殖系统疾病 天天师兄26考研.mp4
病理学,core_course,核心-真题-串联【课程】,22,炎症,mp4,400,22.病理 炎症  天天师兄26考研.mp4
病理学,core_course,核心-真题-串联【课程】,11,消化道肿瘤2,mp4,401,11.病理 消化道肿瘤2  天天师兄26考研.mp4
病理学,core_course,核心-真题-串联【课程】,08,病毒性肝炎,mp4,402,08.病理 病毒性肝炎 天天师兄26考研.mp4
病理学,core_course,核心-真题-串联【课程】,24,肿瘤2,mp4,403,24.病理 肿瘤2 天天师兄26考研.mp4
病理学,core_course,核心-真题-串联【课程】,03,硅肺 & 肺炎,mp4,404,03.病理 硅肺 & 肺炎 天天师兄26考研.mp4
病理学,core_course,核心-真题-串联【课程】,23,肿瘤1,mp4,405,23.病理 肿瘤1  天天师兄26考研.MP4
病理学,core_course,核心-真题-串联【课程】,04,呼吸系统肿瘤 & 感染性心内膜炎,mp4,406,04.病理 呼吸系统肿瘤 & 感染性心内膜炎 天天师兄26考研.mp4
病理学,core_course,核心-真题-串联【课程】,10,原发性肝癌 & 消化道肿瘤1,mp4,407,10.病理 原发性肝癌 & 消化道肿瘤1  天天师兄26考研.mp4
病理学,core_course,核心-真题-串联【课程】,01,慢支炎、肺气肿、肺心病1,mp4,408,01.病理 慢支炎、肺气肿、肺心病1  天天师兄26考研.mp4
生理学,core_course,核心-真题-串联【课程】,09,细胞电活动2,mp4,410,09.生理 细胞电活动2  天天师兄26考研.mp4
生理学,core_course,核心-真题-串联【课程】,01,绪论1,mp4,411,01.生理-绪论1-天天师兄26考研.mp4
生理学,core_course,核心-真题-串联【课程】,44,其它感觉,mp4,412,44.生理其它感觉 tt师兄26考研.mp4
生理学,core_course,核心-真题-串联【课程】,23,心血管调节1,mp4,413,23.生理 心血管调节1  天天师兄26考研.mp4
生理学,core_course,核心-真题-串联【课程】,55,生殖,mp4,414,55.生殖 天天师兄 天天师兄26考研.mp4
生理学,core_course,核心-真题-串联【课程】,40,小管重吸收和分泌、尿浓缩稀释、调节2,mp4,415,40.生理 小管重吸收和分泌、尿浓缩稀释、调节2  天天师兄26考研.mp4
生理学,core_course,核心-真题-串联【课程】,47,递质和受体,mp4,416,47.生理 递质和受体  天天师兄26考研.mp4
生理学,core_course,核心-真题-串联【课程】,27,肺通气2,mp4,417,27.生理 肺通气2 tt师兄26考研.mp4
生理学,core_course,核心-真题-串联【课程】,04,跨膜转运2,mp4,418,04.生理 跨膜转运2  天天师兄26考研.mp4
生理学,core_course,核心-真题-串联【课程】,32,口腔和食管的消化&胃内消化1,mp4,419,32.生理 口腔和食管的消化&胃内消化1  天天师兄26考研.mp4
生理学,core_course,核心-真题-串联【课程】,37,泌尿概述,mp4,420,37.生理 泌尿概述  天天师兄26考研.mp4
生理学,core_course,核心-真题-串联【课程】,43,听觉,mp4,421,43.生理听觉 tt师兄26考研.mp4
生理学,core_course,核心-真题-串联【课程】,18,血压2,mp4,422,18.生理 血压2  天天师兄26考研.mp4
生理学,core_course,核心-真题-串联【课程】,49,神经系统调控躯体运动1,mp4,423,49.生理 神经系统调控躯体运动1  天天师兄26考研.mp4
生理学,core_course,核心-真题-串联【课程】,28,肺换气和气体运输1,mp4,424,28.生理 肺换气和气体运输1  天天师兄26考研.mp4
生理学,core_course,核心-真题-串联【课程】,30,呼吸调节,mp4,425,30. 生理 呼吸调节 天天师兄26考研.mp4
生理学,core_course,核心-真题-串联【课程】,48,脑电波、睡眠、脑高级功能、下丘脑,mp4,426,48.生理脑电波、睡眠、脑高级功能、下丘脑  天天师兄26考研.mp4
生理学,core_course,核心-真题-串联【课程】,10,细胞电活动3,mp4,427,10.生理 细胞电活动3  天天师兄26考研.mp4
生理学,core_course,核心-真题-串联【课程】,54,糖皮质激素,mp4,428,54.生理 糖皮质激素 天天师兄26考研.mp4
生理学,core_course,核心-真题-串联【课程】,39,小管重吸收和分泌、尿浓缩稀释、调节1,mp4,429,39.生理 小管重吸收和分泌、尿浓缩稀释、调节1  天天师兄26考研.mp4
生理学,core_course,核心-真题-串联【课程】,29,肺换气和气体运输2,mp4,430,29.生理 肺换气和气体运输2  天天师兄26考研.mp4
生理学,core_course,核心-真题-串联【课程】,06,+生化 细胞信号转导2,mp4,431,06.生理+生化 细胞信号转导2  天天师兄26考研.mp4
生理学,core_course,核心-真题-串联【课程】,52,胰岛素和胰高血糖素,mp4,432,52.生理 胰岛素和胰高血糖素 天天师兄26考研.mp4
生理学,core_course,核心-真题-串联【课程】,53,生长激素&甲状腺激素,mp4,433,53.生理 生长激素&甲状腺激素  天天师兄26考研.mp4
生理学,core_course,核心-真题-串联【课程】,22,心肌电活动和特性3,mp4,434,22.生理 心肌电活动和特性3 天天师兄26考研.mp4
生理学,core_course,核心-真题-串联【课程】,46,突触传递、中枢抑制和易化,mp4,435,46.生理 突触传递、中枢抑制和易化  天天师兄26考研.mp4
生理学,core_course,核心-真题-串联【课程】,41,小管重吸收和分泌、尿浓缩稀释、调节3,mp4,436,41.生理 小管重吸收和分泌、尿浓缩稀释、调节3  天天师兄26考研.mp4
生理学,core_course,核心-真题-串联【课程】,35,肠内消化2&肠内吸收,mp4,437,35.生理 肠内消化2&肠内吸收  天天师兄26考研.mp4
生理学,core_course,核心-真题-串联【课程】,07,+生化 细胞信号转导3,mp4,438,07.生理+生化 细胞信号转导3 天天师兄26考研.mp4
生理学,core_course,核心-真题-串联【课程】,45,神经元及胶质细胞,mp4,439,45.生理 神经元及胶质细胞  天天师兄26考研.mp4
生理学,core_course,核心-真题-串联【课程】,16,心脏泵血1,mp4,440,16.生理 心脏泵血1  天天师兄26考研.mp4
生理学,core_course,核心-真题-串联【课程】,08,细胞电活动1,mp4,441,08.生理 细胞电活动1  天天师兄26考研.mp4
生理学,core_course,核心-真题-串联【课程】,51,内分泌概述&钙调节激素,mp4,442,51.生理 内分泌概述&钙调节激素 天天师兄26考研.mp4
生理学,core_course,核心-真题-串联【课程】,26,肺通气1,mp4,443,26.生理 肺通气1 tt师兄26考研.mp4
生理学,core_course,核心-真题-串联【课程】,19,微循环和冠脉循环,mp4,444,19.生理 微循环和冠脉循环  天天师兄26考研.mp4
生理学,core_course,核心-真题-串联【课程】,31,消化概述,mp4,445,31. 生理 消化概述 天天师兄26考研.mp4
生理学,core_course,核心-真题-串联【课程】,11,骨骼肌收缩,mp4,446,11.生理 骨骼肌收缩 天天师兄26考研.mp4
生理学,core_course,核心-真题-串联【课程】,21,心肌电活动和特性2,mp4,447,21.生理 心肌电活动和特性2 tt师兄26考研.mp4
生理学,core_course,核心-真题-串联【课程】,34,肠内消化1,mp4,448,34.生理 肠内消化1  天天师兄26考研.mp4
生理学,core_course,核心-真题-串联【课程】,14,生理性止血1,mp4,449,14.生理 生理性止血1  天天师兄26考研.mp4
生理学,core_course,核心-真题-串联【课程】,02,绪论2,mp4,450,02.生理-绪论2-天天师兄26考研.mp4
生理学,core_course,核心-真题-串联【课程】,42,视觉,mp4,451,42.生理 视觉  天天师兄26考研.mp4
生理学,core_course,核心-真题-串联【课程】,20,心肌电活动和特性1,mp4,452,20.生理 心肌电活动和特性1 tt师兄26考研.mp4
生理学,core_course,核心-真题-串联【课程】,13,血液特性,mp4,453,13.生理 血液特性  天天师兄26考研.mp4
生理学,core_course,核心-真题-串联【课程】,36,能量代谢和体温,mp4,454,36.生理 能量代谢和体温  天天师兄26考研.mp4
生理学,core_course,核心-真题-串联【课程】,33,胃内消化2,mp4,455,33.生理 胃内消化2  天天师兄26考研.mp4
生理学,core_course,核心-真题-串联【课程】,03,跨膜转运1,mp4,456,03.生理 跨膜转运1  天天师兄26考研.mp4
生理学,core_course,核心-真题-串联【课程】,50,神经系统调控躯体运动2,mp4,457,50.生理 神经系统调控躯体运动2  天天师兄26考研.mp4
生理学,core_course,核心-真题-串联【课程】,38,肾小球滤过,mp4,458,38.生理 肾小球滤过  天天师兄26考研.mp4
生理学,core_course,核心-真题-串联【课程】,12,血型,mp4,459,12.生理 血型  天天师兄26考研.mp4
生理学,core_course,核心-真题-串联【课程】,17,心脏泵血2&血压1,mp4,460,17.生理 心脏泵血2&血压1  天天师兄26考研.mp4
生理学,core_course,核心-真题-串联【课程】,05,+生化 细胞信号转导1,mp4,461,05.生理+生化 细胞信号转导1  天天师兄26考研.mp4
生理学,core_course,核心-真题-串联【课程】,15,生理性止血2,mp4,462,15.生理 生理性止血2  天天师兄26考研.mp4
生物化学,core_course,核心-真题-串联【课程】,22,转录,mp4,464,22.生化 转录 天天师兄26考研 .mp4
生物化学,core_course,核心-真题-串联【课程】,03,氧化磷酸化1,mp4,468,03.生化 氧化磷酸化1  天天师兄26考研.mp4
生物化学,core_course,核心-真题-串联【课程】,23,翻译1,mp4,478,23.生化 翻译1 天天师兄26考研 .mp4
生物化学,core_course,核心-真题-串联【课程】,01,糖无氧氧化、糖有氧氧化、红细胞代谢、高能化合物1,mp4,482,01.生化 糖无氧氧化、糖有氧氧化、红细胞代谢、高能化合物1  天天师兄26考研.mp4
生物化学,core_course,核心-真题-串联【课程】,20,DNA的合成1,mp4,483,20.生化 DNA的合成1 天天师兄26考研 .mp4
生物化学,core_course,核心-真题-串联【课程】,11,氨基酸代谢1,mp4,484,11.生化 氨基酸代谢1 天天师兄26考研.mp4
